{
    "logistic_regression": {
        "accuracy": 0.6695804195804196,
        "precision": 0.7769230769230769,
        "recall": 0.6066066066066066,
        "f1_score": 0.6812816188870152,
        "roc_auc": 0.7348813248394839,
        "pr_auc": 0.8199006561750946,
        "mcc": 0.3604736305327189,
        "cv_roc_auc_mean": 0.7378585368587866,
        "cv_roc_auc_std": 0.003963750987764536
    },
    "random_forest": {
        "accuracy": 0.6643356643356644,
        "precision": 0.7473684210526316,
        "recall": 0.6396396396396397,
        "f1_score": 0.6893203883495146,
        "roc_auc": 0.7140362119441617,
        "pr_auc": 0.8019123536428548,
        "mcc": 0.3337859363706654,
        "cv_roc_auc_mean": 0.7634009175418304,
        "cv_roc_auc_std": 0.026693485968549324
    },
    "xgboost": {
        "accuracy": 0.6503496503496503,
        "precision": 0.7714285714285715,
        "recall": 0.5675675675675675,
        "f1_score": 0.6539792387543253,
        "roc_auc": 0.7112342467991003,
        "pr_auc": 0.7928900926174245,
        "mcc": 0.3321579561731987,
        "cv_roc_auc_mean": 0.7522815402881035,
        "cv_roc_auc_std": 0.026749905447448676
    },
    "lightgbm": {
        "accuracy": 0.6503496503496503,
        "precision": 0.7239057239057239,
        "recall": 0.6456456456456456,
        "f1_score": 0.6825396825396826,
        "roc_auc": 0.7049266840061819,
        "pr_auc": 0.7937954992337063,
        "mcc": 0.2986570753813822,
        "cv_roc_auc_mean": 0.7531588271362741,
        "cv_roc_auc_std": 0.032173170867332034
    },
    "stacking_ensemble": {
        "accuracy": 0.6520979020979021,
        "precision": 0.7310344827586207,
        "recall": 0.6366366366366366,
        "f1_score": 0.680577849117175,
        "roc_auc": 0.7210725369721186,
        "pr_auc": 0.8081569284774469,
        "mcc": 0.3060883663528129,
        "cv_roc_auc_mean": 0.7437133437622613,
        "cv_roc_auc_std": 0.005820629525354619
    },
    "baseline_majority": {
        "accuracy": 0.5821678321678322,
        "precision": 0.5821678321678322,
        "recall": 1.0,
        "f1_score": 0.7359116022099448,
        "roc_auc": 0.5,
        "pr_auc": 0.791083916083916,
        "mcc": 0.0,
        "cv_roc_auc_mean": 0.5,
        "cv_roc_auc_std": 0.0
    }
}